<?xml version="1.0"?>
<application xmlns="http://java.sun.com/xml/ns/javaee" xsi:schemaLocation="http://java.sun.com/xml/ns/javaee http://java.sun.com/xml/ns/javaee/application_6.xsd" xmlns:xsi="http://www.w3.org/2001/XMLSchema-instance" version="6">
  <display-name>CVDDMEAR</display-name>
  <module>
    <web>
      <web-uri>CVDDMUiWeb.war</web-uri>
      <!-- Start Change -->
	  <!-- <context-root>CVDDMUiWeb</context-root> -->
	  <context-root>/</context-root>
	   <!-- End Change -->
    </web>
  </module>
  <security-role>
    <role-name>AllUsers</role-name>
  </security-role>
</application>