<?xml version="1.0" encoding="UTF-8" ?>
<!DOCTYPE property-group PUBLIC "PropertyGroup.dtd" "PropertyGroup.dtd">
<property-group name="DynaPropDatabaseConfig">
    <!-- SQL Server  -->
    <property name="DbType">XXXXX</property>
    <property name="TableName">XXXXX</property>
    <property name="ColumnPrefix">XXXXX</property>
    
   <!--  <property name="DbType">DB2</property>
	<property name="TableName">CVDDMDEV00_DYNAPROP</property>
	<property name="ColumnPrefix">CVDDMDEV00</property> -->
</property-group>