<?xml version="1.0" encoding="UTF-8" ?>
<!DOCTYPE property-group PUBLIC "PropertyGroup.dtd" "PropertyGroup.dtd">
<property-group name="AuthorizationProviderFactory">

    <property-group name="APSSecurityPluginConfig">
        <property name="appName">CVDDM</property>
        <property name="class">
            com.ford.it.security.plugins.aps.APSAuthorizationProviderFactory
        </property>
        <property name="apsConfigFile">aps_config.xml</property>
    </property-group>
     <property name="DEFAULT">
        com.ford.it.security.plugins.aps.APSAuthorizationProviderFactory
    </property>
     <property name="CVDDMAUTHPROVIDER">
        com.ford.cvddm.inbound.layer.CVDDMAuthorizationProviderFactory
    </property>
     
    <!-- <property name="DYNAPROP_FW">
       com.ford.it.security.plugins.SimpleAuthorizationProviderFactory
        com.ford.it.security.plugins.aps.APSAuthorizationProviderFactory
    </property> -->
    
    
    
    <!-- <property name="DataMaintenanceAuthConfig">
        com.ford.it.security.plugins.aps.APSAuthorizationProviderFactory
    </property> -->


</property-group>