<?xml version="1.0" encoding="UTF-8"?>
<!DOCTYPE property-group PUBLIC "PropertyGroup.dtd" "PropertyGroup.dtd">

<property-group name="JcConfig">
    
    <property name="homePagePath">/home.faces?faces-redirect=true</property>



    <!--  Declarative Logging - Log statements  are on (true) or off (false).
          Normally activated (true) during development only.
    -->
    <property-group name="DeclarativeLogging">
        <property name="requestLifecycle">false</property>
        <property name="exceptionHandlerDetails">false</property>
    </property-group>

    <!--- The 'AuthorizationProviderFactoryPropertyName' is optionally used
          to represent the authorization provider utilized.
          It maps to a fjf-security-plugins-config.xml
          AuthorizationProviderFactory property group.
        For example:

    <property-group name="Authorization">
        <property name="AuthorizationProviderFactoryPropertyName">
            DEFAULT
        </property>
    </property-group>
    -->
     <property-group name="Authorization">
        <property name="AuthorizationProviderFactoryPropertyName">
            DEFAULT
        </property>
         <!-- <property-group name="Authorization">
        <property name="AuthorizationProviderFactoryPropertyName">
            CVDDMAUTHPROVIDER
        </property> -->
    </property-group>
    
</property-group>