<?xml version="1.0" encoding="UTF-8"?>
<!DOCTYPE property-group PUBLIC "PropertyGroup.dtd" "PropertyGroup.dtd">
<property-group name="OAuth2CredentialsConfig">
	<!-- Start Change : User Story : US936992 and US947738 -->
	<property-group name="gvmsProductInfoQA1">
		<property name="app_id">c827cbbd-d1f6-4a76-aba7-92f428d4e083</property> <!-- Client ID received from GVMS Product QA1 https://apideveloperqa.ford.com/oneford/edu -->
		<property name="app_secret">J5uA1qQ8uC5cI0nU4uK8eJ4yG0fB3kL1tS1qE1wW2iC8kN5aH1</property><!-- 
			Client secret received from GVMS Product QA1 -->
		<property name="oauth_token_url">https://apigtwqa.ford.com/oneford/edu/oauthqa1/oauth2/token</property>
	</property-group>
	<property-group name="gvmsProductInfoQA2">
		<property name="app_id">157daa2a-876e-4bb3-89ea-9a9b15111eba</property> <!-- Client ID received from GVMS Product QA2 https://apideveloperqa.ford.com/oneford/api -->
		<property name="app_secret">S2oD4nG2dS6cT7vS3rC5iU8yL8qL3eR6sL0dH7bA1lG1rB3oQ8</property>   <!-- Client secret received from GVMS Product QA2 -->
		<property name="oauth_token_url">https://apigtwqa.ford.com/oneford/api/OAuthQA2/oauth2/token</property>
	</property-group>
	<!-- End Change : User Story : US936992 and US947738 -->
	<!-- Start Change : User Story : US941745 -->
	<property-group name="apsEntitlementGroupEdu">
		<property name="app_id">2136e9ca-b042-4b36-b5e9-dabf3edae65d</property> <!-- Client ID received for CVDDM Dev Env from ADFS to access APS -->
		<property name="app_secret">YH8_zB3RTPQlbqFhY7iSUr8KffHDsr7Dp4aoGnJn</property><!-- 
			Secret ID received for CVDDM Dev Env to access APS -->
		<property name="oauth_token_url">https://corpqa.sts.ford.com/adfs/oauth2/token</property>
		<property name="resource">urn:sps:service:entitlementservice:edu</property>
	</property-group>
	<!-- End Change : User Story : US941745 -->
	<!-- Start Change : US1016146 -->
	<property-group name="rvcmTcuValidationQA2">
		<property name="app_id">b5d603d1-801a-44ba-8d31-e31e62a6a6ae</property>
		<property name="app_secret">u28cNOp978VFA0fvI32wDOvAO99rkhhRsk0kt3eh6Fw=</property>
		<property name="oauth_token_url">https://login.microsoftonline.com/c990bb7a-51f4-439b-bd36-9c07fb1041c0/oauth2/token</property>
		<property name="resource">https://rvcm-qa2.azurewebsites.net</property>
	</property-group>
	<!-- End Change : US1016146 -->
	<!-- Start Change : US1028146 -->
	<property-group name="iVSURestCredentials">
		<property name="app_id">13839ab6-5339-4067-86a8-cf4b7e20451a</property>
		<property name="app_secret">XiCi?e3nM4v-=[3uw2pJZSTRMz?Rpjiq</property>
		<property name="oauth_token_url">https://login.microsoftonline.com/c990bb7a-51f4-439b-bd36-9c07fb1041c0/oauth2/token</property>
		<property name="resource">https://webapi-xmllineage-qa1.azurewebsites.net</property>
	</property-group>
	<!-- End Change : US1028146 -->
	<!-- Start Change : US1107518 -->
	<property-group name="iVSURestCredentialsQA2">
		<property name="app_id">60acbcd9-b1e6-43dd-aa14-b5d3ddf624d6</property>
		<property name="app_secret">2Uy8.6:0DkMr*yBlF@.ru]26NPmoK8bD</property>
		<property name="oauth_token_url">https://login.microsoftonline.com/c990bb7a-51f4-439b-bd36-9c07fb1041c0/oauth2/token</property>
		<property name="resource">https://webapi-xmllineage-qa2.azurewebsites.net</property>
	</property-group>
	<!-- End Change : US1107518 -->


</property-group>
