<?xml version="1.0" encoding="UTF-8"?>
<!DOCTYPE property-group PUBLIC "PropertyGroup.dtd" "PropertyGroup.dtd">

<!--****************************************************************** -->
<!-- Property Group defining user-id / resources / privileges          -->
<!-- that will be controlled through the SimpleAuthorizationProvider   -->
<!-- Note: All user-ids are case sensitive and MUST be defined as      -->
<!-- lower-case.                                                       -->
<!-- Desktop Version - this version is used when doing hot deployment  -->
<!-- since a gradle built project jar is not being deployed            -->
<!--****************************************************************** -->
<property-group name="SimpleAuthorizationGroup">

	<property-group name="ngupta18">
        <property name="DynaPropUnrestricted">execute</property>
        <property name="DynaPropPasswordRecovery">execute</property>
        <property name=""></property>
	</property-group>
	<property-group name="rdhanara">
        <property name="DynaPropUnrestricted">execute</property>
        <property name="DynaPropPasswordRecovery">execute</property>
        <property name=""></property>
	</property-group>
	

</property-group>
