<?xml version="1.0" encoding="UTF-8"?>
<!DOCTYPE property-group PUBLIC "PropertyGroup.dtd" "PropertyGroup.dtd">
<!-- APS Configuration File consists of different parameters that will be 
    used to configure the APS Client. -->
<property-group name="ApsAPI">

<!--    <property-group name="certificate"> -->
<!--        <property name="alias">CVDDM</property> -->
<!--        <property name="keystore">jks</property> -->
<!--        <property name="keystorePassword">changeit</property> -->
<!--        <property name="keyPassword">chageit</property> -->
<!--        <property name="filename">cacerts.jks</property> -->
<!--    </property-group> -->


    <property name="application">CVDDM</property>

    <property-group name="app-actions">
        <property name="action">APPROVE</property>
    </property-group>

    <property-group name="resource-service-location">
        <property name="retryAttempts">4</property>
        <property-group name="service">
            <property name="url">http://wwwqa.csps.ford.com/CspsServicesWeb/ApplicationResourcePolicyServiceV1</property>
            <property name="priority">1</property>
            <property name="retryInterval">1</property>
        </property-group>
    </property-group>

    <property-group name="pdp-location">
        <property name="retryAttempts">2</property>
        <property-group name="service">
            <property name="url">https://wwwedu.axmpdp.ford.com/asm-pdp/pdp?wsdl</property>
            <property name="priority">1</property>
            <property name="retryInterval">1</property>
        </property-group>
    </property-group>

    <!-- Location of the client log file -->
    <property-group name="client-log-location">
        <property name="filename">logs/APSAudit.log</property>
        <property name="enable">false</property>
    </property-group>

    <property-group name="cache">
        <!-- name is required!! -->
        <property name="name">cvddmcache</property>
        <!-- enable: true, false -->
        <property name="enable">true</property>
        <!-- refresh-mode: async, sync -->
        <property name="refresh-mode">sync</property>
        <!-- define a resource node to be cached -->
        <property-group name="load-cache-resource">
            <property name="name">CVDDM</property>
            <property-group name="actions">
                <property name="read">true</property>
                <property name="update">true</property>
                <property name="delete">true</property>
                <property name="execute">true</property>
            </property-group>
        </property-group>
    </property-group>
</property-group>