<?xml version="1.0" encoding="UTF-8"?>
<!DOCTYPE property-group PUBLIC "PropertyGroup.dtd" "PropertyGroup.dtd">

<property-group name="PcConfig">

    <!--  Declarative Logging - Log statements  are on (true) or off (false).
          Normally activated (true) during development only.
    -->
    <property-group name="DeclarativeLogging">
        <property name="logRequest">false</property>
        <property name="logTransactionLifecycle">true</property>
        <property name="logCRUD">true</property>
        <property name="logQueryDuration">true</property>
    </property-group>

</property-group>