<?xml version="1.0" encoding="UTF-8"?>
<!DOCTYPE property-group PUBLIC "PropertyGroup.dtd" "PropertyGroup.dtd">

<property-group name="WscConfig">

	<!-- Declarative Logging - Log statements are on (true) or off (false). 
		Normally activated (true) during development only. -->
	<property-group name="DeclarativeLogging">
		<property name="logProviderRequestReceived">true</property>
		<property name="logProviderSuccessInboundMessage">true</property>
		<property name="logProviderSuccessOutboundMessage">true</property>
		<property name="logProviderFailedInboundMessage">true</property>
		<property name="logProviderFailedOutboundMessage">true</property>
		<property name="logProviderDurationsSummary">true</property>

		<property name="logConsumerMessageSent">true</property>
		<property name="logConsumerSuccessOutboundMessage">true</property>
		<property name="logConsumerSuccessInboundMessage">true</property>
		<property name="logConsumerFailedOutboundMessage">true</property>
		<property name="logConsumerFailedInboundMessage">true</property>
		<property name="logConsumerDurationSummary">true</property>
	</property-group>

	<!-- A property-group should be defined for each Consumer Service. -->
	<!-- Start Change: User Story : US936992 -->
	<property-group name="VehicleModuleInfoServiceQA1">

		<!-- Required to perform the binding to the given URL. -->
		<property name="providerServiceEndpointAddress">
			https://apigtwqa.ford.com/oneford/edu/VehicleModuleInfoServiceqa1edu
		</property>

		<!-- Fully qualified class name of the generated consumer service. -->
		<property name="consumerServiceClassName">
			com.ford.cvddm.outbound.gvms.vehicleModuleInfo.VehicleModuleInfoService
		</property>

		<!-- Method name in the generated consumer service that returns the -->
		<!-- service Interface. -->
		<property name="consumerServiceClassMethod">
			getIVehicleModuleInfo
		</property>

		<!-- Optional WebSphere (proprietary) timeout property. -->
		<!-- <property name="responseTimeOutSeconds">10</property> -->
		<property name="useProxy">true</property>
	</property-group>

	<property-group name="VehicleModuleInfoServiceQA2">

		<!-- Required to perform the binding to the given URL. -->
		<property name="providerServiceEndpointAddress">
			https://apigtwqa.ford.com/oneford/api/VehicleModuleInfoServiceqa2
		</property>

		<!-- Fully qualified class name of the generated consumer service. -->
		<property name="consumerServiceClassName">
			com.ford.cvddm.outbound.gvms.vehicleModuleInfo.VehicleModuleInfoService
		</property>

		<!-- Method name in the generated consumer service that returns the -->
		<!-- service Interface. -->
		<property name="consumerServiceClassMethod">
			getIVehicleModuleInfo
		</property>

		<!-- Optional WebSphere (proprietary) timeout property. -->
		<!-- <property name="responseTimeOutSeconds">10</property> -->
		<property name="useProxy">true</property>
	</property-group>

	<!-- End Change: User Story : US936992 -->

	<!-- Start Change: User Story : US947738 -->

	<property-group name="ModuleStateServiceQA1">

		<!-- Required to perform the binding to the given URL. -->
		<property name="providerServiceEndpointAddress">
			https://apigtwqa.ford.com/oneford/edu/ModuleStateServiceqa1
		</property>

		<!-- Fully qualified class name of the generated consumer service. -->
		<property name="consumerServiceClassName">
			com.ford.cvddm.outbound.gvms.moduleState.ModuleStateService
		</property>

		<!-- Method name in the generated consumer service that returns the -->
		<!-- service Interface. -->
		<property name="consumerServiceClassMethod">
			getModuleState
		</property>

		<!-- Optional WebSphere (proprietary) timeout property. -->
		<!-- <property name="responseTimeOutSeconds">10</property> -->
		<property name="useProxy">true</property>
	</property-group>

	<property-group name="ModuleStateServiceQA2">

		<!-- Required to perform the binding to the given URL. -->
		<property name="providerServiceEndpointAddress">
			https://apigtwqa.ford.com/oneford/api/ModuleStateServiceqa2
		</property>

		<!-- Fully qualified class name of the generated consumer service. -->
		<property name="consumerServiceClassName">
			com.ford.cvddm.outbound.gvms.moduleState.ModuleStateService
		</property>

		<!-- Method name in the generated consumer service that returns the -->
		<!-- service Interface. -->
		<property name="consumerServiceClassMethod">
			getModuleState
		</property>

		<!-- Optional WebSphere (proprietary) timeout property. -->
		<!-- <property name="responseTimeOutSeconds">10</property> -->
		<property name="useProxy">true</property>
	</property-group>

	<!-- End Change: User Story : US947738 -->

	<!-- Start Change: User Story : US941845 : Roles -->
	<property-group name="appResourcePolicyRole">

		<!-- Required to perform the binding to the given URL. -->
		<property name="providerServiceEndpointAddress">
			https://wwwedu.csps.ford.com/CspsServicesWeb/ApplicationResourcePolicyRoleServiceV1
		</property>

		<!-- Fully qualified class name of the generated consumer service. -->
		<property name="consumerServiceClassName">
			com.ford.cvddm.outbound.aps.appResourcePolicyRole.ApplicationResourcePolicyRoleServiceV1
		</property>

		<!-- Method name in the generated consumer service that returns the -->
		<!-- service Interface. -->
		<property name="consumerServiceClassMethod">
			getApplicationResourcePolicyRole
		</property>

		<!-- Optional WebSphere (proprietary) timeout property. -->
		<!-- <property name="responseTimeOutSeconds">10</property> -->
		<property name="useProxy">true</property>
	</property-group>
	<!-- End Change: User Story : US941845 -->

	<!-- Start Change: User Story : US941734 : All Users -->
	<property-group name="retrieveRoleAssignments">

		<!-- Required to perform the binding to the given URL. -->
		<property name="providerServiceEndpointAddress">
			https://wwwedu.csps.ford.com/CspsServicesWeb/RetrieveRoleAssignmentsServiceV1
		</property>

		<!-- Fully qualified class name of the generated consumer service. -->
		<property name="consumerServiceClassName">
			com.ford.cvddm.outbound.aps.retrieveRoleAssignments.RetrieveRoleAssignmentsServiceV1
		</property>

		<!-- Method name in the generated consumer service that returns the -->
		<!-- service Interface. -->
		<property name="consumerServiceClassMethod">
			getRetrieveRoleAssignments
		</property>

		<!-- Optional WebSphere (proprietary) timeout property. -->
		<!-- <property name="responseTimeOutSeconds">10</property> -->
		<property name="useProxy">true</property>
	</property-group>
	<!-- End Change: User Story : US941734 -->

	<!-- Start Change: User Story : US986092 :Users for Roles/ADFS -->
	<property-group name="entitlementGroup">

		<!-- Required to perform the binding to the given URL. -->
		<property name="providerServiceEndpointAddress">
			https://wwwedu.dsps.ford.com/Sps/EntitlementGroupService
		</property>

		<!-- Fully qualified class name of the generated consumer service. -->
		<property name="consumerServiceClassName">
			com.ford.cvddm.outbound.aps.entitlementGroup.EntitlementGroupService
		</property>

		<!-- Method name in the generated consumer service that returns the -->
		<!-- service Interface. -->
		<property name="consumerServiceClassMethod">
			getEntitlementGroup
		</property>

		<!-- Optional WebSphere (proprietary) timeout property. -->
		<!-- <property name="responseTimeOutSeconds">10</property> -->
		<property name="useProxy">true</property>
	</property-group>

	<!-- End Change: User Story : US986092 :Users for Roles/ADFS -->


	<!-- Start Change: User Story : US936992 -->
	<property-group name="VehicleModuleInfoServiceQA1">

		<!-- Required to perform the binding to the given URL. -->
		<property name="providerServiceEndpointAddress">
			https://apigtwqa.ford.com/oneford/edu/VehicleModuleInfoServiceqa1edu
		</property>

		<!-- Fully qualified class name of the generated consumer service. -->
		<property name="consumerServiceClassName">
			com.ford.cvddm.outbound.gvms.vehicleModuleInfo.VehicleModuleInfoService
		</property>

		<!-- Method name in the generated consumer service that returns the -->
		<!-- service Interface. -->
		<property name="consumerServiceClassMethod">
			getIVehicleModuleInfo
		</property>

		<!-- Optional WebSphere (proprietary) timeout property. -->
		<!-- <property name="responseTimeOutSeconds">10</property> -->
		<property name="useProxy">true</property>
	</property-group>

	<property-group name="VehicleModuleInfoServiceQA2">

		<!-- Required to perform the binding to the given URL. -->
		<property name="providerServiceEndpointAddress">
			https://apigtwqa.ford.com/oneford/api/VehicleModuleInfoServiceqa2
		</property>

		<!-- Fully qualified class name of the generated consumer service. -->
		<property name="consumerServiceClassName">
			com.ford.cvddm.outbound.gvms.vehicleModuleInfo.VehicleModuleInfoService
		</property>

		<!-- Method name in the generated consumer service that returns the -->
		<!-- service Interface. -->
		<property name="consumerServiceClassMethod">
			getIVehicleModuleInfo
		</property>

		<!-- Optional WebSphere (proprietary) timeout property. -->
		<!-- <property name="responseTimeOutSeconds">10</property> -->
		<property name="useProxy">true</property>
	</property-group>

	<!-- End Change: User Story : US936992 -->

	<!-- Start Change: User Story : US1022136 -->
	<property-group name="GivisVehicleModuleInfoServiceQA1">

		<!-- Required to perform the binding to the given URL. -->
		<property name="providerServiceEndpointAddress">
			https://webqa.vis.ford.com/VisServicesWeb/VehicleModuleInfoService

		</property>

		<!-- Fully qualified class name of the generated consumer service. -->
		<property name="consumerServiceClassName">
			com.ford.cvddm.outbound.givis.soap.givisvehiclemoduleinfo.VehicleModuleInfoService
		</property>

		<!-- Method name in the generated consumer service that returns the -->
		<!-- service Interface. -->
		<property name="consumerServiceClassMethod">
			getIVehicleModuleInfo
		</property>

		<!-- Optional WebSphere (proprietary) timeout property. -->
		<!-- <property name="responseTimeOutSeconds">10</property> -->
		<property name="useProxy">true</property>
	</property-group>

	<property-group name="GivisVehicleModuleInfoServiceQA2">

		<!-- Required to perform the binding to the given URL. -->
		<property name="providerServiceEndpointAddress">
			<!-- http://localhost:2880 -->
			https://wwwqa.ivis2.ford.com/VisServicesWeb/VehicleModuleInfoService
		</property>

		<!-- Fully qualified class name of the generated consumer service. -->
		<property name="consumerServiceClassName">
			com.ford.cvddm.outbound.givis.soap.givisvehiclemoduleinfo.VehicleModuleInfoService
		</property>

		<!-- Method name in the generated consumer service that returns the -->
		<!-- service Interface. -->
		<property name="consumerServiceClassMethod">
			getIVehicleModuleInfo
		</property>

		<!-- Optional WebSphere (proprietary) timeout property. -->
		<!-- <property name="responseTimeOutSeconds">10</property> -->
		<property name="useProxy">true</property>
	</property-group>

	<!-- End Change: User Story : US1022136 -->

	<!-- Start Change: User Story : US1100581 -->

	<property-group name="GivisModuleStateServiceQA1">

		<!-- Required to perform the binding to the given URL. -->
		<property name="providerServiceEndpointAddress">
			https://webqa.vis.ford.com/VisServicesWeb/ModuleStateService
		</property>

		<!-- Fully qualified class name of the generated consumer service. -->
		<property name="consumerServiceClassName">
			com.ford.cvddm.outbound.givis.soap.givismodulestate.ModuleStateService
		</property>

		<!-- Method name in the generated consumer service that returns the -->
		<!-- service Interface. -->
		<property name="consumerServiceClassMethod">
			getModuleState
		</property>

		<!-- Optional WebSphere (proprietary) timeout property. -->
		<!-- <property name="responseTimeOutSeconds">10</property> -->
		<property name="useProxy">true</property>
	</property-group>

	<property-group name="GivisModuleStateServiceQA2">

		<!-- Required to perform the binding to the given URL. -->
		<property name="providerServiceEndpointAddress">
			<!-- http://localhost:2880 -->
			https://wwwqa.ivis2.ford.com/VisServicesWeb/ModuleStateService
		</property>

		<!-- Fully qualified class name of the generated consumer service. -->
		<property name="consumerServiceClassName">
			com.ford.cvddm.outbound.givis.soap.givismodulestate.ModuleStateService
		</property>

		<!-- Method name in the generated consumer service that returns the -->
		<!-- service Interface. -->
		<property name="consumerServiceClassMethod">
			getModuleState
		</property>

		<!-- Optional WebSphere (proprietary) timeout property. -->
		<!-- <property name="responseTimeOutSeconds">10</property> -->
		<property name="useProxy">true</property>
	</property-group>

	<!-- End Change: User Story : US1100581 -->
	
	<!-- Start Change: User Story : US1100595 -->
	
	<property-group name="GivisEOLTransferService">

		<!-- Required to perform the binding to the given URL. -->
		<property name="providerServiceEndpointAddress">
			https://wwwqa.ivisb.ford.com/IvisbWeb/EOLFileTransferService
		</property>

		<!-- Fully qualified class name of the generated consumer service. -->
		<property name="consumerServiceClassName">
			com.ford.cvddm.outbound.givis.soap.eolxfiletransfer.EOLFileTransferService
		</property>

		<!-- Method name in the generated consumer service that returns the -->
		<!-- service Interface. -->
		<property name="consumerServiceClassMethod">
			getEOLTransferSOAP
		</property>

		<!-- Optional WebSphere (proprietary) timeout property. -->
		<!-- <property name="responseTimeOutSeconds">10</property> -->
		<property name="useProxy">true</property>
	</property-group>

	<!-- End Change: User Story : US1100595 -->

</property-group>