<?xml version='1.0' encoding='UTF-8'?>
<facelet-taglib xmlns="http://java.sun.com/xml/ns/javaee"
	xmlns:xsi="http://www.w3.org/2001/XMLSchema-instance"
	xsi:schemaLocation="http://java.sun.com/xml/ns/javaee 
   http://java.sun.com/xml/ns/javaee/web-facelettaglibrary_2_0.xsd"
	version="2.0">
	<namespace>http://cvddm.ford.com/cvddmcore</namespace>
	<composite-library-name>cvddmcore</composite-library-name>
	<tag>
		<tag-name>downTime</tag-name>
		<component>
			<component-type>cvddmcore.downTime</component-type>
			<handler-class>com.ford.cvddm.inbound.layer.DowntimeTagHandler</handler-class>
		</component>
		<!-- <attribute>
			<description>Screen Id for Across Site in PCVDM01_SCREEN_INFO Table.</description>
			<name>cvddmScreenId</name>
			<required>false</required>
			<type>java.lang.String</type>
		</attribute>
		<attribute>
			<description>Maintenance Type Code value for Downtime in PCVDM04_MAINT_TYPE Table.</description>
			<name>cvdmMaintTypeCd</name>
			<required>false</required>
			<type>java.lang.String</type>
		</attribute> -->
		<attribute>
			<description>Redirect to this downTimePage when there is Scheduled Maintenance .</description>
			<name>downTimePage</name>
			<required>true</required>
			<type>java.lang.String</type>
		</attribute>
	</tag>

</facelet-taglib>