<?xml version="1.0" encoding="UTF-8"?>

<faces-config xmlns="http://java.sun.com/xml/ns/javaee"
	xmlns:xsi="http://www.w3.org/2001/XMLSchema-instance"
	xsi:schemaLocation="http://java.sun.com/xml/ns/javaee http://java.sun.com/xml/ns/javaee/web-facesconfig_2_0.xsd"
	version="2.0">

	<application>
		<locale-config>
			<default-locale>en</default-locale>
			<supported-locale>ru</supported-locale>
			<supported-locale>zh</supported-locale>
			<supported-locale>en</supported-locale>
		</locale-config>
		<resource-bundle>
			<base-name>ApplicationResources</base-name>
			<var>bundle</var>
		</resource-bundle>
		<!-- Start Change :User Story: US943267 - -->
		<resource-bundle>
			<base-name>ValidationMessages</base-name>
			<var>valMsg</var>
		</resource-bundle>
		<resource-bundle>
			<base-name>ApplicationConfiguration</base-name>
			<var>appConfigProp</var>
		</resource-bundle>
		<!-- End Change :User Story: US943267 - -->
		<!-- Start Change :User Story: US945639 - -->
		<resource-bundle>
			<base-name>EmailTemplate</base-name>
			<var>emailTemplate</var>
		</resource-bundle>
		<!-- End Change :User Story: US945639 - -->
		<!-- Start Change :User Story: US1021877 - -->
		<resource-bundle>
			<base-name>NodesAndAcronyms</base-name>
			<var>nodesAcronymsProp</var>
		</resource-bundle>
		<!-- End Change :User Story: US1021877 - -->
		<!-- Start Change :User Story: US1048465 - -->
		<resource-bundle>
			<base-name>ExternalApplicationConfiguration</base-name>
			<var>extAppConfigProp</var>
		</resource-bundle>
		<!-- End Change :User Story: US1048465 - -->
	</application>
	<!-- Start Change -->
	<factory>
		<exception-handler-factory>
			com.ford.cvddm.inbound.layer.exception.CVDDMExceptionHandlerFactory</exception-handler-factory>
	</factory>
	<factory>
		<!-- <exception-handler-factory> com.ford.it.jsfcore.exception.JcExceptionHandlerFactory 
			</exception-handler-factory> -->
		<!-- End Change -->
	</factory>

	<component>
		<component-type>org.primefaces.component.DataTable</component-type>
		<component-class>com.ford.cvddm.inbound.layer.util.DataTableSelectionUtill</component-class>
	</component>

</faces-config>